1,Main,Primary contact info,(817) 796-3660,mike@electricstarshiparcade.com,electricstarshiparcade.com
2,Main,Primary contact info,(817) 431-6121,,tornadoterrys.com
3,Main,Primary contact info,(682) 323-4458,,freeplayinc.com
4,Main,Primary contact info,(469) 421-1337,,freeplayinc.com
5,Main,Primary contact info,(940) 566-1033,,freeplayinc.com
6,Main,Primary contact info,(682) 231-1188,,freeplayinc.com
7,Main,Primary contact info,(469) 554-0588,,freeplayinc.com
8,Main,Primary contact info,(817) 533-3111,,cidercade.com
9,Main,Primary contact info,(512) 522-7360,,cidercade.com
10,Main,Primary contact info,(214) 364-7728,,cidercade.com
11,Main,Primary contact info,(817) 203-4555,,cidercade.com
12,Main,Primary contact info,(281) 787-2757,,cidercade.com
13,Main,Primary contact info,(817) 784-1300,,daveandbusters.com
14,Main,Primary contact info,(210) 515-1515,,daveandbusters.com
15,Main,Primary contact info,(214) 530-1906,,daveandbusters.com
16,Main,Primary contact info,(817) 786-1600,,daveandbusters.com
17,Main,Primary contact info,(281) 709-0600,,daveandbusters.com
18,Main,Primary contact info,(214) 387-0915,,daveandbusters.com
19,Main,Primary contact info,(713) 952-2233,,daveandbusters.com
20,Main,Primary contact info,(713) 263-0303,,daveandbusters.com
21,Main,Primary contact info,(806) 319-9525,,daveandbusters.com
22,Main,Primary contact info,(956) 217-5800,,daveandbusters.com
23,Main,Primary contact info,(512) 346-8015,,daveandbusters.com
24,Main,Primary contact info,(210) 951-3600,,daveandbusters.com
25,Main,Primary contact info,(936) 270-1255,,daveandbusters.com
26,Main,Primary contact info,(512) 233-1460,,daveandbusters.com
27,Main,Primary contact info,(512) 401-0000,,mainevent.com
28,Main,Primary contact info,(817) 306-0000,,mainevent.com
29,Main,Primary contact info,(817) 292-5555,,mainevent.com
30,Main,Primary contact info,(469) 362-7227,,mainevent.com
31,Main,Primary contact info,(972) 641-2695,,mainevent.com
32,Main,Primary contact info,(817) 416-1111,,mainevent.com
33,Main,Primary contact info,(281) 909-5000,,mainevent.com
34,Main,Primary contact info,(281) 394-4800,,mainevent.com
35,Main,Primary contact info,(972) 459-7770,,mainevent.com
36,Main,Primary contact info,(210) 305-5999,,mainevent.com
37,Main,Primary contact info,(972) 881-8181,,mainevent.com
38,Main,Primary contact info,(281) 355-5511,,mainevent.com
39,Main,Primary contact info,(281) 313-7200,,mainevent.com
40,Main,Primary contact info,(281) 698-5559,,mainevent.com
41,Main,Primary contact info,(281) 332-4500,,mainevent.com
42,Main,Primary contact info,(210) 521-8000,,mainevent.com
43,Main,Primary contact info,(325) 692-0500,,chuckecheese.com
44,Main,Primary contact info,(806) 353-9333,,chuckecheese.com
45,Main,Primary contact info,(956) 547-8386,,chuckecheese.com
46,Main,Primary contact info,(979) 696-9888,,chuckecheese.com
47,Main,Primary contact info,(361) 993-8824,,chuckecheese.com
48,Main,Primary contact info,(915) 778-9555,,chuckecheese.com
49,Main,Primary contact info,(915) 921-1880,,chuckecheese.com
50,Main,Primary contact info,(956) 722-0303,,chuckecheese.com
51,Main,Primary contact info,(903) 663-1200,,chuckecheese.com
52,Main,Primary contact info,(806) 796-2700,,chuckecheese.com
53,Main,Primary contact info,(956) 682-3555,,chuckecheese.com
54,Main,Primary contact info,(432) 699-4333,,chuckecheese.com
55,Main,Primary contact info,(432) 368-4500,,chuckecheese.com
56,Main,Primary contact info,(903) 581-4550,,chuckecheese.com
57,Main,Primary contact info,(254) 772-9161,,chuckecheese.com
58,Main,Primary contact info,(817) 784-2695,,alleycatsbowl.com
59,Main,Primary contact info,(817) 415-2674,,alleycatsbowl.com
60,Main,Primary contact info,(817) 589-0523,,alleycatsbowl.com
61,Main,Primary contact info,(832) 974-2201,,andrettikarting.com
62,Main,Primary contact info,(210) 469-0700,,andrettikarting.com
63,Main,Primary contact info,(469) 527-9300,,andrettikarting.com
64,Main,Primary contact info,(512) 271-5475,,k1speed.com
65,Main,Primary contact info,(210) 802-0802,,k1speed.com
66,Main,Primary contact info,(936) 243-6225,,k1speed.com
67,Main,Primary contact info,(281) 674-8012,,k1speed.com
68,Main,Primary contact info,(210) 756-1719,,kungfusaloon.com
69,Main,Primary contact info,(512) 719-3808,,kungfusaloon.com
70,Main,Primary contact info,(512) 469-0901,,kungfusaloon.com
71,Main,Primary contact info,(512) 420-8458,,pinballz.com
72,Main,Primary contact info,(512) 523-4080,,pinballz.com
73,Main,Primary contact info,(512) 537-8737,,pinballz.com
74,Main,Primary contact info,(972) 869-2695,,pinstackbowl.com
75,Main,Primary contact info,(512) 580-0555,,pinstackbowl.com
76,Main,Primary contact info,(214) 765-2695,,pinstackbowl.com
77,Main,Primary contact info,(972) 781-2695,,pinstackbowl.com
78,Main,Primary contact info,(726) 999-2800,,pinstackbowl.com
79,Main,Primary contact info,(817) 466-0004,,round1usa.com
80,Main,Primary contact info,(817) 873-7981,,round1usa.com
81,Main,Primary contact info,(832) 995-5020,,round1usa.com
82,Main,Primary contact info,(210) 448-2030,,round1usa.com
83,Main,Primary contact info,(855) 772-6636,,round1usa.com
84,Main,Primary contact info,(469) 209-6545,,activate.games
85,Main,Primary contact info,(210) 999-9440,,arsentertainmenthub.com
86,Main,Primary contact info,(972) 542-4523,,arcade92.com
87,Main,Primary contact info,(512) 380-1725,,arcadeufo.com
88,Main,Primary contact info,(512) 670-9600,,austinspark.com
89,Main,Primary contact info,(833) 293-2233,,visitgalveston.com
90,Main,Primary contact info,(210) 951-1980,,bekindandrewindsa.com
91,Main,Primary contact info,(817) 635-5551,,blackdogpizza.com
92,Main,Primary contact info,(210) 369-8750,,blackpotion.com
93,Main,Primary contact info,(512) 462-0202,,blazertag.com
94,Main,Primary contact info,(915) 587-6070,,bobosfun.com
95,Main,Primary contact info,(806) 414-3600,,cinergy.com
96,Main,Primary contact info,(210) 437-1072,,cosmicmayhem.com
97,Main,Primary contact info,(817) 270-9600,,crushitsports.com
98,Main,Primary contact info,(210) 341-2561,,facebook.com/diversionsgameroom
99,Main,Primary contact info,(832) 532-0331,,einsteinspubarcade.com
100,Main,Primary contact info,(512) 884-5183,,evocinemas.com
101,Main,Primary contact info,(512) 523-9009,,evocinemas.com
102,Main,Primary contact info,(830) 643-0042,,evocinemas.com
103,Main,Primary contact info,(210) 764-6986,,evocinemas.com
104,Main,Primary contact info,(713) 485-4856,,faohtx.com
105,Main,Primary contact info,(432) 356-3467,,farmandfeed.com
106,Main,Primary contact info,(409) 740-6878,,visitgalveston.com
107,Main,Primary contact info,(512) 341-9300,,gattitown.com
108,Main,Primary contact info,(512) 280-7200,,gattitown.com
109,Main,Primary contact info,N/A,,glitchesarcade.com
110,Main,Primary contact info,(512) 710-2695,,bowlhighfive.com
111,Main,Primary contact info,(512) 710-2695,,bowlhighfive.com
112,Main,Primary contact info,(832) 426-3004,,homerundugout.com
113,Main,Primary contact info,(210) 664-3348,,immersivegamebox.com
114,Main,Primary contact info,(281) 509-9507,,immersivegamebox.com
115,Main,Primary contact info,(281) 509-9507,,immersivegamebox.com
116,Main,Primary contact info,(361) 937-9400,,inthegame.net
117,Main,Primary contact info,(936) 441-2222,,ipcconroe.com
118,Main,Primary contact info,(210) 342-2121,,incrediblepizza.com
119,Main,Primary contact info,(713) 224-2225,,joystixgames.com
120,Main,Primary contact info,(254) 752-2333,,kingslandinggames.net
121,Main,Primary contact info,(210) 851-8500,,liggettville.com
122,Main,Primary contact info,(512) 609-8180,,monsterminigolf.com
123,Main,Primary contact info,(210) 979-8888,,monsterminigolf.com
124,Main,Primary contact info,(972) 668-8400,,nvmusa.org
125,Main,Primary contact info,(713) 237-0606,,neilsbahr.com
126,Main,Primary contact info,(979) 704-6942,,vintagenerdvana.com
127,Main,Primary contact info,(469) 786-1854,,nickelrama.com
128,Main,Primary contact info,(972) 414-7042,,nickelrama.com
129,Main,Primary contact info,(903) 758-9961,,oil-bowl.com
130,Main,Primary contact info,(210) 455-4516,,otakucafe.com
131,Main,Primary contact info,(713) 913-4955,,palacesocial.com
132,Main,Primary contact info,(956) 723-2695,,plamorlaredo.com
133,Main,Primary contact info,(512) 452-1901,,playlandskatecenter.com
134,Main,Primary contact info,(281) 715-0480,,popstroke.com
135,Main,Primary contact info,(325) 690-5555,,primetimeabilene.com
136,Main,Primary contact info,(512) 368-9070,,punchbowlsocial.com
137,Main,Primary contact info,(512) 549-8937,,punchbowlsocial.com
138,Main,Primary contact info,(214) 222-5529,,pushstartplay.com
139,Main,Primary contact info,(254) 340-5198,,putterswaco.com
140,Main,Primary contact info,(512) 698-9852,,recessarcadebar.com
141,Main,Primary contact info,(361) 697-3876,,visitcorpuschristi.com
142,Main,Primary contact info,(972) 463-6200,,retrocadeofrowlett.com
143,Main,Primary contact info,(210) 233-6180,,rushfunpark.com
144,Main,Primary contact info,(210) 664-3348,,santikos.com
145,Main,Primary contact info,(210) 496-2221,,santikos.com
146,Main,Primary contact info,(903) 455-2065,,shenaniganz.com
147,Main,Primary contact info,(972) 722-1133,,shenaniganz.com
148,Main,Primary contact info,(210) 233-6263,,slackerssa.com
149,Main,Primary contact info,(210) 233-6263,,slackerssa.com
150,Main,Primary contact info,(737) 587-3330,,sparebirdie.com
151,Main,Primary contact info,(713) 957-8803,,houstonfasttrack.com
152,Main,Primary contact info,(940) 500-4619,,thedeependwf.com
153,Main,Primary contact info,(832) 948-7030,,gamepreservehouston.com
154,Main,Primary contact info,(281) 353-5189,,gamepreservehouston.com
155,Main,Primary contact info,(915) 219-9215,,thespot2sk8.com
156,Main,Primary contact info,(512) 475-6670,,universityunions.utexas.edu
157,Main,Primary contact info,(409) 242-4301,,tiltstudio.com
158,Main,Primary contact info,(512) 651-1000,,kalahariresorts.com
159,Main,Primary contact info,(281) 200-2600,,track21houston.com
160,Main,Primary contact info,(469) 290-2820,,twobitcircus.com
161,Main,Primary contact info,(512) 501-3902,,urbanair.com
162,Main,Primary contact info,(512) 292-0163,,urbanair.com
163,Main,Primary contact info,(737) 209-7096,,urbanair.com
164,Main,Primary contact info,(210) 344-6366,,sacoffeeroasters.com
165,Main,Primary contact info,(469) 759-9376,,zerolatencyvr.com
166,Main,Primary contact info,(832) 617-7430,,zerolatencyvr.com
167,Main,Primary contact info,(817) 646-0771,,https://timeriftarcade.com/
168,Main,Primary contact info,(713) 864-0642,,kungfusaloon.com