138,4025,1,1,Dancerush Stardom,1,Standard Cabinet,Working,,Arcade,,DanceRush Stardom
138,4071,1,1,Pump It Up XX: 20th Anniversary Edition,1,Standard Cabinet,Working,,Arcade,,Pump It Up XX 20th Anniversary
138,4237,1,1,Pump It Up Phoenix,1,Standard Cabinet,Working,,Arcade,,Pump It Up 2024 Phoenix
138,122,1,1,Sprint 2,1,Standard Cabinet,Working,,Arcade,,Sprint
138,326,1,1,Battlezone,1,Standard Cabinet,Working,,Arcade,,Battlezone
138,339,1,1,Red Baron,1,Standard Cabinet,Working,,Arcade,,Red Baron
138,444,1,1,Turbo,1,Standard Cabinet,Working,,Arcade,,Turbo
138,659,1,1,Star Wars,1,Standard Cabinet,Working,,Arcade,,Star Wars (Atari)
138,733,1,1,M.A.C.H. 3,1,Standard Cabinet,Working,,Arcade,,M.A.C.H. 3
138,854,1,1,Star Wars: Return of the Jedi,1,Standard Cabinet,Working,,Arcade,,Star Wars: Return of the Jedi
138,887,1,1,Firefox,1,Standard Cabinet,Working,,Arcade,,Atari Firefox
138,965,1,1,Star Wars: The Empire Strikes Back,1,Standard Cabinet,Working,,Arcade,,Star Wars: The Empire Strikes Back
138,965,1,1,Star Wars: The Empire Strikes Back,1,Standard Cabinet,Working,,Arcade,,Star Wars: The Empire Strikes Back
138,1294,1,1,After Burner,1,Standard Cabinet,Working,,Arcade,,After Burner
138,1788,1,1,Hydra,1,Standard Cabinet,Working,,Arcade,,Hydra
138,2218,1,1,NBA Jam,1,Standard Cabinet,Working,,Arcade,,NBA Jam
138,2642,1,1,Cruis'n World,1,Standard Cabinet,Working,,Arcade,,Cruis'n World
138,2781,1,1,World Class Bowling,1,Standard Cabinet,Working,,Arcade,,World Class Bowling
138,2938,1,1,Crazy Taxi,1,Standard Cabinet,Working,,Arcade,,Crazy Taxi
138,3001,1,1,Virtua Tennis,1,Standard Cabinet,Working,,Arcade,,Virtua Tennis
138,3512,1,1,The Fast and The Furious: Super Bikes,1,Standard Cabinet,Working,,Arcade,,The Fast and the Furious: Super Bikes
138,3557,1,1,Chase H.Q. 2,1,Standard Cabinet,Working,,Arcade,,Chase H.Q. 2
138,3557,1,1,Chase H.Q. 2,1,Standard Cabinet,Working,,Arcade,,Chase H.Q. 2
138,3807,1,1,Mario Kart Arcade GP DX (2013),1,Standard Cabinet,Working,,Arcade,,Mario Kart Arcade GP DX
138,3807,1,1,Mario Kart Arcade GP DX (2013),1,Standard Cabinet,Working,,Arcade,,Mario Kart Arcade GP DX
138,3807,1,1,Mario Kart Arcade GP DX (2013),1,Standard Cabinet,Working,,Arcade,,Mario Kart Arcade GP DX
138,3807,1,1,Mario Kart Arcade GP DX (2013),1,Standard Cabinet,Working,,Arcade,,Mario Kart Arcade GP DX
138,3823,1,1,Batman (Raw Thrills),1,Standard Cabinet,Working,,Arcade,,Batman (2013 Raw Thrills)
138,3864,1,1,Star Wars: Battle Pod,1,Standard Cabinet,Working,,Arcade,,Star Wars Battle Pod
138,3944,1,1,Golden Tee 2017,1,Standard Cabinet,Working,,Arcade,,Golden Tee 2019
138,3962,1,1,Cruis'n Blast,1,Standard Cabinet,Working,,Arcade,,Cruis'n Blast
138,3962,1,1,Cruis'n Blast,1,Standard Cabinet,Working,,Arcade,,Cruis'n Blast
138,3962,1,1,Cruis'n Blast,1,Standard Cabinet,Working,,Arcade,,Cruis'n Blast
138,3962,1,1,Cruis'n Blast,1,Standard Cabinet,Working,,Arcade,,Cruis'n Blast
138,4472,1,1,"Ivan ""Ironman"" Stewart's Super Off Road",1,Standard Cabinet,Working,,Arcade,,"Ivan ""Ironman"" Stewart's Super Off Road"
138,5448,7,1,Wild Wild West (Gottlieb),1,Standard Cabinet,Working,,Pinball,,Wild West Shootout
138,3580,1,1,Jubeat,1,Standard Cabinet,Working,,Arcade,,Jubeat
138,3613,1,1,Guitar Hero Arcade,1,Standard Cabinet,Working,,Arcade,,Guitar Hero Arcade
138,3613,1,1,Guitar Hero Arcade,1,Standard Cabinet,Working,,Arcade,,Guitar Hero Arcade
138,3613,1,1,Guitar Hero Arcade,1,Standard Cabinet,Working,,Arcade,,Guitar Hero Arcade
138,3748,1,1,Sound Voltex Booth,1,Standard Cabinet,Working,,Arcade,,Sound Voltex
138,3843,1,1,Neon FM,1,Standard Cabinet,Working,,Arcade,,Neon FM
138,4058,1,1,Maimai Finale,1,Standard Cabinet,Working,,Arcade,,Maimai Finale
138,720,1,1,Crossbow,1,Standard Cabinet,Working,,Arcade,,Crossbow
138,905,1,1,Cheyenne,1,Standard Cabinet,Working,,Arcade,,Cheyenne
138,1179,1,1,Chiller,1,Standard Cabinet,Working,,Arcade,,Chiller
138,2052,1,1,Terminator 2: Judgment Day,1,Standard Cabinet,Working,,Arcade,,Terminator 2: Judgment Day
138,2197,1,1,Alien3: The Gun,1,Standard Cabinet,Working,,Arcade,,Alien3: The Gun
138,2370,1,1,Revolution X,1,Standard Cabinet,Working,,Arcade,,Revolution X
138,2408,1,1,Gunblade NY,1,Standard Cabinet,Working,,Arcade,,Gunblade NY: Special Air Assault Force
138,2555,1,1,Police Trainer,1,Standard Cabinet,Working,,Arcade,,Police Trainer
138,2657,1,1,Point Blank 2,1,Standard Cabinet,Working,,Arcade,,Point Blank 2
138,2857,1,1,Area 51: Site 4,1,Standard Cabinet,Working,,Arcade,,Area 51: Site 4
138,2868,1,1,CarnEvil,1,Standard Cabinet,Working,,Arcade,,CarnEvil
138,2891,1,1,Star Wars Trilogy Arcade,1,Standard Cabinet,Working,,Arcade,,Star Wars Trilogy Arcade
138,3018,1,1,Zombie Revenge,1,Standard Cabinet,Working,,Arcade,,Zombie Revenge
138,3092,1,1,Beach Head 2000,1,Standard Cabinet,Working,,Arcade,,Cuphead
138,3135,1,1,Point Blank 3,1,Standard Cabinet,Working,,Arcade,,Point Blank 3
138,3231,1,1,Jurassic Park III,1,Standard Cabinet,Working,,Arcade,,Jurassic Park III
138,3266,1,1,The Maze of the Kings,1,Standard Cabinet,Working,,Arcade,,The Maze of the Kings
138,3376,1,1,Target: Terror,1,Standard Cabinet,Working,,Arcade,,Target: Terror Gold
138,3511,1,1,Aliens Extermination,1,Standard Cabinet,Working,,Arcade,,Aliens: Extermination
138,3529,1,1,Paradise Lost,1,Standard Cabinet,Working,,Arcade,,Paradise Lost
138,3664,1,1,Deadstorm Pirates,1,Standard Cabinet,Working,,Arcade,,DeadStorm Pirates
138,3672,1,1,Terminator Salvation,1,Standard Cabinet,Working,,Arcade,,Terminator Salvation
138,3726,1,1,Shh...! Welcome to Frightfearland,1,Standard Cabinet,Working,,Arcade,,Shh...! Welcome to Frightfearland
138,3828,1,1,Transformers: Human Alliance,1,Standard Cabinet,Working,,Arcade,,Transformers: Human Alliance
138,3836,1,1,Aliens: Armageddon,1,Standard Cabinet,Working,,Arcade,,Aliens: Armageddon
138,3880,1,1,Jurassic Park Arcade,1,Standard Cabinet,Working,,Arcade,,Jurassic Park Arcade (Raw Thrills)
138,3884,1,1,Time Crisis 5,1,Standard Cabinet,Working,,Arcade,,Time Crisis 5
138,3888,1,1,Luigi's Mansion Arcade,1,Standard Cabinet,Working,,Arcade,,Luigi's Mansion Arcade
138,4039,1,1,Halo: Fireteam Raven,1,Standard Cabinet,Working,,Arcade,,Halo: Fireteam Raven
138,4120,1,1,Big Buck Hunter Reloaded,1,Standard Cabinet,Working,,Arcade,,Big Buck Hunter Reloaded
138,78,1,1,Destruction Derby,1,Standard Cabinet,Working,,Arcade,,Demolition Derby
138,192,1,1,Space Invaders,1,Standard Cabinet,Working,,Arcade,,Space Invaders
138,268,1,1,Asteroids,1,Standard Cabinet,Working,,Arcade,,Asteroids
138,308,1,1,Pac-Man,1,Standard Cabinet,Working,,Arcade,,Pac-Man
138,322,1,1,Missile Command,1,Standard Cabinet,Working,,Arcade,,Missile Command
138,329,1,1,Radar Scope,1,Standard Cabinet,Working,,Arcade,,Radar Scope
138,389,1,1,Defender,1,Standard Cabinet,Working,,Arcade,,Defender
138,390,1,1,Asteroids Deluxe,1,Standard Cabinet,Working,,Arcade,,Asteroids Deluxe
138,407,1,1,Centipede,1,Standard Cabinet,Working,,Arcade,,Centipede
138,413,1,1,Vanguard,1,Standard Cabinet,Working,,Arcade,,Vanguard
138,415,1,1,Donkey Kong,1,Standard Cabinet,Working,,Arcade,,Donkey Kong
138,415,3,1,Donkey Kong,1,Standard Cabinet,Working,,Arcade,,Donkey Kong
138,415,1,1,Donkey Kong,2,Standard Cabinet,Working,,Arcade,,Donkey Kong (Cocktail Table)
138,416,1,1,Super Cobra,1,Standard Cabinet,Working,,Arcade,,Super Cobra
138,417,1,1,Frogger (1981),1,Standard Cabinet,Working,,Arcade,,Frogger
138,418,1,1,Galaga,1,Standard Cabinet,Working,,Arcade,,Galaga
138,418,1,1,Galaga,1,Standard Cabinet,Working,,Arcade,,Galaga
138,421,1,1,Qix,1,Standard Cabinet,Working,,Arcade,,Qix
138,422,1,1,Tempest,1,Standard Cabinet,Working,,Arcade,,Tempest
138,432,1,1,Kickman,1,Standard Cabinet,Working,,Arcade,,Kickman
138,433,1,1,Lady Bug,1,Standard Cabinet,Working,,Arcade,,Lady Bug
138,435,1,1,Venture,1,Standard Cabinet,Working,,Arcade,,Venture
138,441,1,1,Stargate,1,Standard Cabinet,Working,,Arcade,,Stargate (Defender II)
138,441,1,1,Stargate,1,Standard Cabinet,Working,,Arcade,,Stargate (Defender II)
138,445,1,1,Omega Race,1,Standard Cabinet,Working,,Arcade,,Omega Race
138,448,1,1,Bosconian,1,Standard Cabinet,Working,,Arcade,,Bosconian
138,485,1,1,Zaxxon,1,Standard Cabinet,Working,,Arcade,,Zaxxon
138,486,1,1,Robotron: 2084,1,Standard Cabinet,Working,,Arcade,,Robotron: 2084
138,488,1,1,Ms. Pac-Man,1,Standard Cabinet,Working,,Arcade,,Ms. Pac-Man
138,489,1,1,Bubbles,1,Standard Cabinet,Working,,Arcade,,Bubbles
138,498,1,1,Alpine Ski,1,Standard Cabinet,Working,,Arcade,,Alpine Ski
138,500,1,1,Dig Dug,1,Standard Cabinet,Working,,Arcade,,Dig Dug
138,507,1,1,Moon Patrol,1,Standard Cabinet,Working,,Arcade,,Moon Patrol
138,508,1,1,Kangaroo,1,Standard Cabinet,Working,,Arcade,,Kangaroo
138,523,1,1,Donkey Kong Junior,1,Standard Cabinet,Working,,Arcade,,Donkey Kong Jr.
138,523,1,1,Donkey Kong Junior,1,Standard Cabinet,Working,,Arcade,,Donkey Kong Jr.
138,524,1,1,Tutankham,1,Standard Cabinet,Working,,Arcade,,Tutankham
138,527,1,1,Joust,1,Standard Cabinet,Working,,Arcade,,Joust
138,528,1,1,Tron,1,Standard Cabinet,Working,,Arcade,,Tron
138,530,1,1,BurgerTime,1,Standard Cabinet,Working,,Arcade,,BurgerTime
138,533,1,1,Pole Position,1,Standard Cabinet,Working,,Arcade,,Pole Position
138,535,1,1,Super Pac-Man,1,Standard Cabinet,Working,,Arcade,,Super Pac-Man
138,537,1,1,Q*bert,1,Standard Cabinet,Working,,Arcade,,Q*bert
138,544,1,1,Bagman,1,Standard Cabinet,Working,,Arcade,,Bagman
138,550,1,1,Xevious,1,Standard Cabinet,Working,,Arcade,,Xevious
138,551,1,1,Popeye (1982),1,Standard Cabinet,Working,,Arcade,,Popeye
138,554,1,1,Buck Rogers: Planet of Zoom,1,Standard Cabinet,Working,,Arcade,,Buck Rogers: Planet of Zoom
138,555,1,1,Star Trek: Strategic Operations Simulator,1,Standard Cabinet,Working,,Arcade,,Star Trek (Sega)
138,557,1,1,Gravitar,1,Standard Cabinet,Working,,Arcade,,Gravitar
138,560,1,1,Space Duel,1,Standard Cabinet,Working,,Arcade,,Space Duel
138,561,1,1,Liberator,1,Standard Cabinet,Working,,Arcade,,Liberator
138,562,1,1,Looping,1,Standard Cabinet,Working,,Arcade,,Looping
138,563,1,1,Reactor,1,Standard Cabinet,Working,,Arcade,,Reactor
138,572,1,1,Super Zaxxon,1,Standard Cabinet,Working,,Arcade,,Super Zaxxon
138,573,1,1,Front Line,1,Standard Cabinet,Working,,Arcade,,Front Line
138,579,1,1,Nibbler,1,Standard Cabinet,Working,,Arcade,,Nibbler
138,605,1,1,Warpitout,1,Standard Cabinet,Working,,Arcade,,Pig Out
138,608,1,1,Tunnel Hunt,1,Standard Cabinet,Working,,Arcade,,Tunnel Hunt
138,634,1,1,Black Widow,1,Standard Cabinet,Working,,Arcade,,Black Widow
138,635,1,1,Sinistar,1,Standard Cabinet,Working,,Arcade,,Sinistar
138,637,1,1,Major Havoc,1,Standard Cabinet,Working,,Arcade,,Major Havoc
138,650,1,1,Mappy,1,Standard Cabinet,Working,,Arcade,,Mappy
138,651,1,1,Gyruss,1,Standard Cabinet,Working,,Arcade,,Gyruss
138,652,1,1,Food Fight,1,Standard Cabinet,Working,,Arcade,,Food Fight
138,662,1,1,Elevator Action,1,Standard Cabinet,Working,,Arcade,,Elevator Action
138,684,1,1,Dragon's Lair,1,Standard Cabinet,Working,,Arcade,,Dragon's Lair
138,687,1,1,Crystal Castles,1,Standard Cabinet,Working,,Arcade,,Crystal Castles
138,688,1,1,Mario Bros.,1,Standard Cabinet,Working,,Arcade,,Mario Bros.
138,688,1,1,Mario Bros.,1,Standard Cabinet,Working,,Arcade,,Mario Bros.
138,690,1,1,Discs of Tron,1,Standard Cabinet,Working,,Arcade,,Discs of Tron
138,693,1,1,Tapper,1,Standard Cabinet,Working,,Arcade,,Tapper
138,696,1,1,Space Ace,1,Standard Cabinet,Working,,Arcade,,Space Ace
138,697,1,1,Jr. Pac-Man,1,Standard Cabinet,Working,,Arcade,,Jr. Pac-Man
138,698,1,1,Track & Field,1,Standard Cabinet,Working,,Arcade,,Track & Field
138,700,1,1,Donkey Kong 3,1,Standard Cabinet,Working,,Arcade,,Donkey Kong 3
138,702,1,1,Spy Hunter,1,Standard Cabinet,Working,,Arcade,,Spy Hunter
138,708,1,1,Tag Team Wrestling,1,Standard Cabinet,Working,,Arcade,,Tag Team Wrestling
138,715,1,1,MotoRace USA,1,Standard Cabinet,Working,,Arcade,,Motorace-USA
138,716,1,1,Congo Bongo,1,Standard Cabinet,Working,,Arcade,,Congo Bongo
138,723,1,1,Krull,1,Standard Cabinet,Working,,Arcade,,Krull
138,725,1,1,Mad Planets,1,Standard Cabinet,Working,,Arcade,,Mad Planets
138,726,1,1,Wacko,1,Standard Cabinet,Working,,Arcade,,Wacko
138,728,1,1,Zoo Keeper,1,Standard Cabinet,Working,,Arcade,,Zoo Keeper
138,736,1,1,Cliff Hanger,1,Standard Cabinet,Working,,Arcade,,Cliff Hanger
138,739,1,1,Cloak & Dagger,1,Standard Cabinet,Working,,Arcade,,Cloak & Dagger
138,740,1,1,Roc 'N Rope,1,Standard Cabinet,Working,,Arcade,,Roc'n Rope
138,748,1,1,Q*bert's Qubes,1,Standard Cabinet,Working,,Arcade,,Q*bert's Qubes
138,763,1,1,Journey,1,Standard Cabinet,Working,,Arcade,,Journey
138,789,1,1,Circus Charlie,1,Standard Cabinet,Working,,Arcade,,Circus Charlie
138,794,1,1,Chicken Shift,1,Standard Cabinet,Working,,Arcade,,Chicken Shift
138,807,1,1,Punch-Out!!,1,Standard Cabinet,Working,,Arcade,,Punch-Out!!
138,813,1,1,Gaplus,1,Standard Cabinet,Working,,Arcade,,Gaplus
138,815,1,1,Vs. Duck Hunt,19,Standard Cabinet,Working,,Arcade,,Vs. Duck Hunt
138,821,1,1,"I, Robot",1,Standard Cabinet,Working,,Arcade,,"I, Robot"
138,836,1,1,Stocker,1,Standard Cabinet,Working,,Arcade,,Stocker
138,845,1,1,Hyper Sports,1,Standard Cabinet,Working,,Arcade,,Hyper Sports
138,851,1,1,Pac-Land,1,Standard Cabinet,Working,,Arcade,,Pac-Land
138,853,1,1,Super Punch-Out!!,1,Standard Cabinet,Working,,Arcade,,Super Punch-Out!!
138,865,1,1,Vs. Ice Climber,19,Standard Cabinet,Working,,Arcade,,Vs. Ice Climber
138,870,1,1,Paperboy,1,Standard Cabinet,Working,,Arcade,,Paperboy
138,877,1,1,Vs. Excitebike,19,Standard Cabinet,Working,,Arcade,,Vs. Excitebike
138,880,1,1,Marble Madness,1,Standard Cabinet,Working,,Arcade,,Marble Madness
138,888,1,1,Hat Trick,1,Standard Cabinet,Working,,Arcade,,Hat Trick
138,897,1,1,Two Tigers,1,Standard Cabinet,Working,,Arcade,,Two Tigers
138,900,1,1,Timber,1,Standard Cabinet,Working,,Arcade,,Timber
138,903,1,1,Freeze,1,Standard Cabinet,Working,,Arcade,,Freeze!
138,906,1,1,Super Don Quix-Ote,1,Standard Cabinet,Working,,Arcade,,Super Don Quix-ote
138,910,1,1,Super Basketball,1,Standard Cabinet,Working,,Arcade,,V'ball
138,912,1,1,Snacks 'n Jaxson,1,Standard Cabinet,Working,,Arcade,,Snacks'n Jaxson
138,967,1,1,Vs. Hogan's Alley,19,Standard Cabinet,Working,,Arcade,,Vs. Hogan's Alley
138,979,1,1,Arm Wrestling,1,Standard Cabinet,Working,,Arcade,,Arm Wrestling
138,981,1,1,Gradius (1985),1,Standard Cabinet,Working,,Arcade,,Gradius
138,1006,1,1,World Series: The Season,1,Standard Cabinet,Working,,Arcade,,World Series the season
138,1008,1,1,Ring King,1,Standard Cabinet,Working,,Arcade,,Ring King
138,1014,1,1,Gimme a Break,1,Standard Cabinet,Working,,Arcade,,Gimme A Break
138,1019,1,1,Indiana Jones and the Temple of Doom,1,Standard Cabinet,Working,,Arcade,,Indiana Jones and the Temple of Doom
138,1023,1,1,Super Mario Bros.,1,Standard Cabinet,Working,,Arcade,,Super Mario Bros.
138,1027,1,1,Choplifter,1,Standard Cabinet,Working,,Arcade,,Choplifter
138,1029,1,1,Gauntlet (1985),1,Standard Cabinet,Working,,Arcade,,Gauntlet
138,1056,1,1,Peter Pack Rat,1,Standard Cabinet,Working,,Arcade,,Peter Pack Rat
138,1067,1,1,Mat Mania,1,Standard Cabinet,Working,,Arcade,,Mat Mania
138,1087,1,1,Last Mission,1,Standard Cabinet,Working,,Arcade,,Last Mission
138,1109,1,1,Arkanoid,1,Standard Cabinet,Working,,Arcade,,Arkanoid
138,1133,1,1,Bubble Bobble,1,Standard Cabinet,Working,,Arcade,,Bubble Bobble
138,1134,1,1,Road Runner,1,Standard Cabinet,Working,,Arcade,,Road Runner
138,1163,1,1,Rampage,1,Standard Cabinet,Working,,Arcade,,Rampage
138,1163,1,1,Rampage,1,Standard Cabinet,Working,,Arcade,,Rampage the movie Arcade
138,1164,1,1,720°,1,Standard Cabinet,Working,,Arcade,,720°
138,1188,1,1,Gladiator,1,Standard Cabinet,Working,,Arcade,,Gladiator
138,1189,1,1,Quartet,1,Standard Cabinet,Working,,Arcade,,Quartet
138,1205,1,1,Ikari Warriors II: Victory Road,1,Standard Cabinet,Working,,Arcade,,Victory Road
138,1227,1,1,Alien Syndrome,1,Standard Cabinet,Working,,Arcade,,Alien Syndrome
138,1228,1,1,Karnov,1,Standard Cabinet,Working,,Arcade,,Karnov
138,1233,1,1,Contra,1,Standard Cabinet,Working,,Arcade,,Contra
138,1249,1,1,Rastan,1,Standard Cabinet,Working,,Arcade,,Rastan
138,1252,1,1,Gondomania,1,Standard Cabinet,Working,,Arcade,,Gondomania
138,1268,1,1,1943: The Battle of Midway,1,Standard Cabinet,Working,,Arcade,,1943: The Battle of Midway
138,1273,1,1,Atari R.B.I. Baseball,1,Standard Cabinet,Working,,Arcade,,R.B.I. Baseball
138,1277,1,1,Vs. Castlevania,19,Standard Cabinet,Working,,Arcade,,Vs. Castlevania
138,1287,1,1,R-Type,1,Standard Cabinet,Working,,Arcade,,R-Type
138,1296,1,1,Double Dragon,1,Standard Cabinet,Working,,Arcade,,Double Dragon
138,1314,1,1,Shinobi,1,Standard Cabinet,Working,,Arcade,,Shinobi
138,1315,1,1,Pac-Mania,1,Standard Cabinet,Working,,Arcade,,Pac-Mania
138,1316,1,1,Tecmo Bowl (1987),1,Standard Cabinet,Working,,Arcade,,Tecmo Bowl
138,1319,1,1,Galaga '88,1,Standard Cabinet,Working,,Arcade,,Galaga '88
138,1331,1,1,Bionic Commando,1,Standard Cabinet,Working,,Arcade,,Bionic Commando
138,1333,1,1,APB,1,Standard Cabinet,Working,,Arcade,,APB (Atari)
138,1334,1,1,Blasteroids,1,Standard Cabinet,Working,,Arcade,,Blasteroids
138,1334,1,1,Blasteroids,1,Standard Cabinet,Working,,Arcade,,Blaster
138,1336,1,1,Xenophobe,1,Standard Cabinet,Working,,Arcade,,Xenophobe
138,1339,1,1,The Real Ghostbusters,1,Standard Cabinet,Working,,Arcade,,The Real Ghostbusters
138,1368,1,1,Super Dodge Ball (1987),1,Standard Cabinet,Working,,Arcade,,Super Dodge Ball
138,1370,1,1,Vs. Top Gun,19,Standard Cabinet,Working,,Arcade,,Vs. Top Gun
138,1380,1,1,Super Contra,1,Standard Cabinet,Working,,Arcade,,Super Contra
138,1382,1,1,Chopper I,1,Standard Cabinet,Working,,Arcade,,Chopper I
138,1406,1,1,Assault,1,Standard Cabinet,Working,,Arcade,,Assault
138,1446,1,1,Ninja Gaiden,1,Standard Cabinet,Working,,Arcade,,Ninja Gaiden
138,1448,1,1,Super Mario Bros. 3,1,Standard Cabinet,Working,,Arcade,,Super Mario Bros. 3
138,1449,1,1,Gain Ground,1,Standard Cabinet,Working,,Arcade,,Gain Ground
138,1451,1,1,RoboCop,1,Standard Cabinet,Working,,Arcade,,RoboCop
138,1452,1,1,Double Dragon II: The Revenge,1,Standard Cabinet,Working,,Arcade,,Double Dragon II: The Revenge
138,1453,1,1,Splatterhouse,1,Standard Cabinet,Working,,Arcade,,Splatterhouse
138,1463,1,1,Tetris (Sega),1,Standard Cabinet,Working,,Arcade,,Tetris
138,1464,1,1,Narc,1,Standard Cabinet,Working,,Arcade,,NARC
138,1465,1,1,The Ninja Warriors,1,Standard Cabinet,Working,,Arcade,,The Ninja Warriors
138,1467,1,1,Forgotten Worlds,1,Standard Cabinet,Working,,Arcade,,Forgotten Worlds
138,1481,1,1,Toobin',1,Standard Cabinet,Working,,Arcade,,Toobin'
138,1505,1,1,Superman,1,Standard Cabinet,Working,,Arcade,,Superman
138,1522,1,1,Golden Axe,1,Standard Cabinet,Working,,Arcade,,Golden Axe
138,1558,1,1,Prehistoric Isle,1,Standard Cabinet,Working,,Arcade,,Prehistoric Isle
138,1580,1,1,Gang Wars,1,Standard Cabinet,Working,,Arcade,,Gang Wars
138,1581,1,1,Sly Spy,1,Standard Cabinet,Working,,Arcade,,Sly Spy
138,1587,1,1,U.N. Squadron,1,Standard Cabinet,Working,,Arcade,,U.N. Squadron
138,1601,1,1,AmeriDarts,1,Standard Cabinet,Working,,Arcade,,Ameri Darts
138,1605,1,1,Final Fight,1,Standard Cabinet,Working,,Arcade,,Final Fight
138,1616,1,1,Rastan Saga II,1,Standard Cabinet,Working,,Arcade,,Nastar Warrior
138,1618,1,1,Crime City,1,Standard Cabinet,Working,,Arcade,,Crime City
138,1621,1,1,R-Type II,1,Standard Cabinet,Working,,Arcade,,R-Type II
138,1622,1,1,Astyanax,1,Standard Cabinet,Working,,Arcade,,Astyanax
138,1633,1,1,Saint Dragon,1,Standard Cabinet,Working,,Arcade,,St. Dragon
138,1636,1,1,Exterminator,1,Standard Cabinet,Working,,Arcade,,Exterminator
138,1644,1,1,Cyberball 2072,1,Standard Cabinet,Working,,Arcade,,Cyberball 2072 Tournament
138,1658,1,1,Ikari III: The Rescue,1,Standard Cabinet,Working,,Arcade,,Ikari III: The Rescue
138,1676,1,1,Cyber-Lip,1,Standard Cabinet,Working,,Arcade,,Cyber-Lip
138,1678,1,1,League Bowling,1,Standard Cabinet,Working,,Arcade,,League Bowling
138,1679,1,1,Top Player's Golf,1,Standard Cabinet,Working,,Arcade,,Top Player's Golf
138,1682,1,1,Baseball Stars Professional,1,Standard Cabinet,Working,,Arcade,,Baseball Stars Professional
138,1700,1,1,Cadash,1,Standard Cabinet,Working,,Arcade,,Cadash
138,1703,1,1,Trog,1,Standard Cabinet,Working,,Arcade,,Trog
138,1718,1,1,Magician Lord,1,Standard Cabinet,Working,,Arcade,,Magician Lord
138,1743,1,1,ThunderJaws,1,Standard Cabinet,Working,,Arcade,,ThunderJaws
138,1764,1,1,Vs. Dr. Mario,19,Standard Cabinet,Working,,Arcade,,Vs. Dr. Mario
138,1786,1,1,Alien Storm,1,Standard Cabinet,Working,,Arcade,,AlienStorm
138,1809,1,1,M.V.P.,1,Standard Cabinet,Working,,Arcade,,MVP
138,1819,1,1,Blood Bros.,1,Standard Cabinet,Working,,Arcade,,Blood Bros.
138,1831,1,1,King of the Monsters,1,Standard Cabinet,Working,,Arcade,,King of the Monsters
138,1849,1,1,Bowl-O-Rama,1,Standard Cabinet,Working,,Arcade,,Bowlarama
138,1942,1,1,Dragon's Lair II: Time Warp,1,Standard Cabinet,Working,,Arcade,,Dragon's Lair II
138,1976,1,1,G.I. Joe,1,Standard Cabinet,Working,,Arcade,,G.I. Joe: A Real American Hero
138,1986,1,1,Arabian Fight,1,Standard Cabinet,Working,,Arcade,,Avian Knights
138,1644,1,1,Cyberball 2072,1,Standard Cabinet,Working,,Arcade,,Cyberball 2072
138,1671,1,1,Aliens,1,Standard Cabinet,Working,,Arcade,,Aliens (1990 Konami)
138,1699,1,1,Columns,1,Standard Cabinet,Working,,Arcade,,Columns
138,1720,1,1,Smash T.V.,1,Standard Cabinet,Working,,Arcade,,Smash TV
138,1727,1,1,Double Dragon 3: The Rosetta Stone,1,Standard Cabinet,Working,,Arcade,,Double Dragon 3
138,1748,1,1,Magic Sword,1,Standard Cabinet,Working,,Arcade,,Magic Sword
138,1752,1,1,Michael Jackson's Moonwalker,1,Standard Cabinet,Working,,Arcade,,Michael Jackson's Moonwalker
138,1754,1,1,Pit-Fighter,1,Standard Cabinet,Working,,Arcade,,Pit-Fighter
138,1758,1,1,Out Zone,1,Standard Cabinet,Working,,Arcade,,Out Zone
138,1767,1,1,Majestic Twelve: The Space Invaders Part IV,1,Standard Cabinet,Working,,Arcade,,Super Space Invaders '91
138,1769,1,1,Carrier Air Wing,1,Standard Cabinet,Working,,Arcade,,Carrier Air Wing
138,1772,1,1,Teenage Mutant Ninja Turtles II: The Arcade Game,1,Standard Cabinet,Working,,Arcade,,Teenage Mutant Ninja Turtles
138,1785,1,1,Rampart,1,Standard Cabinet,Working,,Arcade,,Rampart
138,1806,1,1,Shuuz,1,Standard Cabinet,Working,,Arcade,,Shuuz
138,1807,1,1,Vendetta,1,Standard Cabinet,Working,,Arcade,,Vendetta
138,1834,1,1,Street Fighter II,1,Standard Cabinet,Working,,Arcade,,Street Fighter II
138,1849,1,1,Bowl-O-Rama,1,Standard Cabinet,Working,,Arcade,,Bowl-o-rama
138,1866,1,1,Spider-Man: The Video Game,1,Standard Cabinet,Working,,Arcade,,Spider-Man: The Video Game
138,1919,1,1,Knights of the Round,1,Standard Cabinet,Working,,Arcade,,Knights of the Round
138,1934,1,1,Growl,1,Standard Cabinet,Working,,Arcade,,Growl
138,1936,1,1,Captain America and the Avengers,1,Standard Cabinet,Working,,Arcade,,Captain America and The Avengers
138,1987,1,1,X-Men,1,Standard Cabinet,Working,,Arcade,,X-Men
138,2015,1,1,Street Fighter II: Champion Edition,1,Standard Cabinet,Working,,Arcade,,Street Fighter II: Champion Edition
138,2041,1,1,Super Chase: Criminal Termination,1,Standard Cabinet,Working,,Arcade,,Super Chase: Criminal Termination
138,2057,1,1,Mortal Kombat,1,Standard Cabinet,Working,,Arcade,,Mortal Kombat
138,2091,1,1,Wild West C.O.W.-Boys of Moo Mesa,1,Standard Cabinet,Working,,Arcade,,Wild West C.O.W.-Boys of Moo Mesa
138,2149,1,1,Martial Champion,1,Standard Cabinet,Working,,Arcade,,Martial Champion
138,2196,1,1,Ninja Baseball Bat Man,1,Standard Cabinet,Working,,Arcade,,Ninja Baseball Bat Man
138,2201,1,1,Super Street Fighter II: The New Challengers,1,Standard Cabinet,Working,,Arcade,,Super Street Fighter II: The New Challengers
138,2245,1,1,Mortal Kombat II,1,Standard Cabinet,Working,,Arcade,,Mortal Kombat II
138,2249,1,1,Windjammers,1,Standard Cabinet,Working,,Arcade,,Windjammers
138,2253,1,1,Aero Fighters 2,1,Standard Cabinet,Working,,Arcade,,Aero Fighters 2
138,2276,1,1,Battletoads,1,Standard Cabinet,Working,,Arcade,,Battletoads
138,2322,1,1,Bust-A-Move,1,Standard Cabinet,Working,,Arcade,,Bust-A-Move
138,2331,1,1,Primal Rage,1,Standard Cabinet,Working,,Arcade,,Primal Rage
138,2349,1,1,Killer Instinct,1,Standard Cabinet,Working,,Arcade,,Killer Instinct
138,2358,1,1,Dungeons & Dragons: Tower of Doom,1,Standard Cabinet,Working,,Arcade,,Dungeons & Dragons: Tower of Doom
138,2363,1,1,Dragon Ball Z 2: Super Battle,1,Standard Cabinet,Working,,Arcade,,Dragon Ball Z: Super Battle
138,2435,1,1,Mortal Kombat 3,1,Standard Cabinet,Working,,Arcade,,Mortal Kombat 3
138,2487,1,1,Mega Man: The Power Battle,1,Standard Cabinet,Working,,Arcade,,Mega Man: The Power Battle
138,2498,1,1,WWF WrestleMania: The Arcade Game,1,Standard Cabinet,Working,,Arcade,,WWF WrestleMania
138,2499,1,1,Marvel Super Heroes,1,Standard Cabinet,Working,,Arcade,,Marvel Super Heroes
138,2502,1,1,2 on 2 Open Ice Challenge,1,Standard Cabinet,Working,,Arcade,,Open Ice
138,2513,1,1,War Gods,1,Standard Cabinet,Working,,Arcade,,War Gods
138,2540,1,1,Killer Instinct 2,1,Standard Cabinet,Working,,Arcade,,Killer Instinct 2
138,2577,1,1,Breakers,1,Standard Cabinet,Working,,Arcade,,Breakers
138,2621,1,1,Die Hard Arcade,1,Standard Cabinet,Working,,Arcade,,Die Hard Arcade
138,2635,1,1,Wayne Gretzky's 3D Hockey,1,Standard Cabinet,Working,,Arcade,,Wayne Gretzky's 3D Hockey
138,2675,1,1,Magic Purple,1,Standard Cabinet,Working,,Arcade,,Magic Plus II
138,2675,1,1,Magic Purple,1,Standard Cabinet,Working,,Arcade,,Magic Plus II
138,2734,1,1,Marvel Super Heroes vs. Street Fighter,1,Standard Cabinet,Working,,Arcade,,Marvel Super Heroes vs. Street Fighter
138,2748,1,1,Mortal Kombat 4,1,Standard Cabinet,Working,,Arcade,,Mortal Kombat 4
138,2749,1,1,Rampage World Tour,1,Standard Cabinet,Working,,Arcade,,Rampage World Tour
138,2758,1,1,Shock Troopers,1,Standard Cabinet,Working,,Arcade,,Shock Troopers
138,2759,1,1,Rival Schools: United by Fate,1,Standard Cabinet,Working,,Arcade,,Rival Schools: United By Fate
138,2776,1,1,Zero Gunner,1,Standard Cabinet,Working,,Arcade,,Zero Gunner
138,2801,1,1,Marvel vs. Capcom: Clash of Super Heroes,1,Standard Cabinet,Working,,Arcade,,Marvel vs. Capcom
138,2802,1,1,Blazing Star,1,Standard Cabinet,Working,,Arcade,,Blazing Star
138,2854,1,1,Raiden Fighters Jet,1,Standard Cabinet,Working,,Arcade,,Raiden Fighters Jet
138,2875,1,1,Magical Tetris Challenge,1,Standard Cabinet,Working,,Arcade,,Magical Tetris Challenge
138,2888,1,1,Dynamite Cop,1,Standard Cabinet,Working,,Arcade,,Dynamite Cop
138,2892,1,1,Space Bomber,1,Standard Cabinet,Working,,Arcade,,Panic Bomber
138,2949,1,1,Metal Slug X,1,Standard Cabinet,Working,,Arcade,,Metal Slug X
138,2951,1,1,War: Final Assault,1,Standard Cabinet,Working,,Arcade,,War: Final Assault
138,2951,1,1,War: Final Assault,1,Standard Cabinet,Working,,Arcade,,War: Final Assault
138,2951,1,1,War: Final Assault,1,Standard Cabinet,Working,,Arcade,,War: Final Assault
138,2951,1,1,War: Final Assault,1,Standard Cabinet,Working,,Arcade,,War: Final Assault
138,2960,1,1,Street Fighter III: 3rd Strike,1,Standard Cabinet,Working,,Arcade,,Street Fighter III: 3rd Strike
138,2979,1,1,World Series 99,1,Standard Cabinet,Working,,Arcade,,World Series '99
138,2995,1,1,NBA Showtime: NBA on NBC,1,Standard Cabinet,Working,,Arcade,,NBA Showtime: NBA on NBC Gold Edition
138,3056,1,1,NFL Blitz 2000: Gold Edition,1,Standard Cabinet,Working,,Arcade,,NFL Blitz 2000 Gold Edition
138,3119,1,1,The Simpsons Bowling,1,Standard Cabinet,Working,,Arcade,,The Simpsons Bowling
138,3122,1,1,Mighty! Pang,1,Standard Cabinet,Working,,Arcade,,Mighty Pang
138,3148,1,1,Gauntlet Dark Legacy,1,Standard Cabinet,Working,,Arcade,,Gauntlet Dark Legacy
138,3206,1,1,Monkey Ball,1,Standard Cabinet,Working,,Arcade,,Monkey Ball
138,3216,1,1,Capcom vs. SNK 2: Mark of the Millennium 2001,1,Standard Cabinet,Working,,Arcade,,Capcom vs SNK 2
138,3269,1,1,Carnival King,1,Standard Cabinet,Working,,Arcade,,Carnival King / Big Top Shooter
138,3382,1,1,Dirty Pigskin Football,1,Standard Cabinet,Working,,Arcade,,Dirty Pigskin Football
138,3383,1,1,The King of Fighters Neowave,1,Standard Cabinet,Working,,Arcade,,The King of Fighters Neowave
138,3407,1,1,Silver Strike Bowling,1,Standard Cabinet,Working,,Arcade,,Silver Strike Bowling
138,3453,1,1,Tekken 5: Dark Resurrection,1,Standard Cabinet,Working,,Arcade,,Tekken 5: Dark Resurrection
138,3474,1,1,Metal Slug 6,1,Standard Cabinet,Working,,Arcade,,Metal Slug 6
138,3474,1,1,Metal Slug 6,1,Standard Cabinet,Working,,Arcade,,Metal Slug 6
138,3516,1,1,Donkey Kong II: Jumpman Returns,1,Standard Cabinet,Working,,Arcade,,Donkey Kong II
138,3648,1,1,Justice League: Heroes United,1,Standard Cabinet,Working,,Arcade,,Justice League: Heroes United
138,3708,1,1,Fruit Ninja FX,1,Standard Cabinet,Working,,Arcade,,Fruit Ninja FX
138,3736,1,1,Fix-It Felix Jr.,1,Standard Cabinet,Working,,Arcade,,Fix-It Felix Jr.
138,3810,1,1,Killer Queen,1,Standard Cabinet,Working,,Arcade,,Killer Queen
138,3882,1,1,Tekken 7,1,Standard Cabinet,Working,,Arcade,,Tekken 7
138,3905,1,1,BlazBlue: Central Fiction,1,Standard Cabinet,Working,,Arcade,,BlazBlue: Central Fiction
138,3933,1,1,World's Largest Pac-Man,1,Standard Cabinet,Working,,Arcade,,World's Largest Pac-Man
138,3945,1,1,Theatrhythm Final Fantasy: All-Star Carnival,1,Standard Cabinet,Working,,Arcade,,Theatrhythm Final Fantasy All-Star Carnival
138,3955,1,1,Space Invaders Frenzy,1,Standard Cabinet,Working,,Arcade,,Space Invaders Frenzy
138,3971,1,1,Daytona Championship USA,1,Standard Cabinet,Working,,Arcade,,Daytona Championship USA
138,3972,1,1,Black Emperor,1,Standard Cabinet,Working,,Arcade,,Black Emperor
138,3994,1,1,Nidhogg 2,1,Standard Cabinet,Working,,Arcade,,Nidhogg 2
138,3999,1,1,Injustice Arcade,1,Standard Cabinet,Working,,Arcade,,Injustice 2
138,4001,1,1,Teenage Mutant Ninja Turtles (Raw Thrills),1,Standard Cabinet,Working,,Arcade,,Teenage Mutant Ninja Turtles (Raw Thrills)
138,4021,1,1,Tomb Raider Arcade,1,Standard Cabinet,Working,,Arcade,,Tomb Raider
138,4026,1,1,DeathBall,1,Standard Cabinet,Working,,Arcade,,DeathBall
138,4106,1,1,Centipede Chaos,1,Standard Cabinet,Working,,Arcade,,Centipede Chaos
138,4107,1,1,NERF Arcade,1,Standard Cabinet,Working,,Arcade,,Nerf Arcade
138,4121,1,1,Nitro Trucks,1,Standard Cabinet,Working,,Arcade,,Nitro Trucks
138,4121,1,1,Nitro Trucks,1,Standard Cabinet,Working,,Arcade,,Nitro Trucks
138,4121,1,1,Nitro Trucks,1,Standard Cabinet,Working,,Arcade,,Nitro Trucks
138,4121,1,1,Nitro Trucks,1,Standard Cabinet,Working,,Arcade,,Nitro Trucks
138,4165,1,1,Wacca Reverse,1,Standard Cabinet,Working,,Arcade,,WACCA Reverse
138,4172,1,1,Minecraft Dungeons Arcade,1,Standard Cabinet,Working,,Arcade,,Minecraft Dungeons Arcade (Raw Thrills)
138,4178,1,1,The Simpsons,1,Standard Cabinet,Working,,Arcade,,The Simpsons
138,4204,1,1,Pac-Man Battle Royale Chompionship,1,Standard Cabinet,Working,,Arcade,,PAC-man Battle Royale CHOMPionship
138,4213,1,1,Fast & Furious Arcade,1,Standard Cabinet,Working,,Arcade,,Fast & Furious Arcade
138,4213,1,1,Fast & Furious Arcade,1,Standard Cabinet,Working,,Arcade,,Fast & Furious Arcade
138,4213,1,1,Fast & Furious Arcade,1,Standard Cabinet,Working,,Arcade,,Fast & Furious Arcade
138,4213,1,1,Fast & Furious Arcade,1,Standard Cabinet,Working,,Arcade,,Fast & Furious Arcade
138,4228,1,1,Enter the Gungeon: House of the Gundead,1,Standard Cabinet,Working,,Arcade,,Enter the Gungeon: House of the Gundead
138,4277,1,1,Asteroids Recharged: Pro Arcade Edition,1,Standard Cabinet,Working,,Arcade,,Asteroids: Recharged
138,4336,1,1,Marble Man: Marble Madness II,1,Standard Cabinet,Working,,Arcade,,Marble Madness II: Marble Man
138,4364,1,1,World Soccer Winning Eleven Arcade Championship 2014,1,Standard Cabinet,Working,,Arcade,,World Soccer Winning Eleven Arcade Championship 2014
138,4477,1,1,Kid Niki: Radical Ninja,1,Standard Cabinet,Working,,Arcade,,Kid Niki: Radical Ninja
138,4481,1,1,Let's Go Bowling,1,Standard Cabinet,Working,,Arcade,,Let's Go Bowling
138,4485,1,1,Mini Golf,1,Standard Cabinet,Working,,Arcade,,Sente Mini golf
138,4488,1,1,NAM-1975,1,Standard Cabinet,Working,,Arcade,,NAM-1975
138,4496,1,1,Pong Knockout,1,Standard Cabinet,Working,,Arcade,,Pong Knock Out
138,4512,1,1,Skins Game (Midway Golf),1,Standard Cabinet,Working,,Arcade,,Midway Skins Game
138,5479,10,1,Air Hockey,1,Standard Cabinet,Working,,Sports,,Air Hockey